Article_ID,Location,Area,Scaffale,Colonna,Piano,Location_Qty/WMS_Total,Calculated_Quantity,Quantity_Difference,AMG_Destination
RKM13514,A-R-03-5,A,R,03,5,16/16,18,2,TOUCH CONTROLLER HB-A2C2     FXXTPB04001C                 
RKM35900,A-B-01-1,A,B,01,1,3/6,3,-3,METAL BRACKET DISPLAY for ALL IN ONE HP-A906X w/AUO DISP. 
RKM35900,A-R-03-5,A,R,03,5,3/6,3,-3,METAL BRACKET DISPLAY for ALL IN ONE HP-A906X w/AUO DISP. 
RFI13548,A-R-02-3,A,R,02,3,2/2,1,-1,XTATION NEW SOM IO BOARD PER XPOS RG9000CB5290            
0P9915IY,A-C-04-1,A,C,04,1,3/4,3,-1,BPC-1200/FANLESS IPC BOX PC   J6412/3 LAN                 
0P9915IY,A-X-01-0,A,X,01,0,1/4,3,-1,BPC-1200/FANLESS IPC BOX PC   J6412/3 LAN                 
0AC527SU,A-C-05-2,A,C,05,2,28/28,25,-3,"PALMARE RUGGED L2S PRO 5,5""  OCTA-CORE WIFI,4G/2D ANDR. 12"
0ST902SB,A-C-05-1,A,C,05,1,1/2,1,-1,STAMPANTE TER. TP-100K-BLACK W/USB+SER+ETHERNET KIOSK VER.
0ST902SB,A-X-01-0,A,X,01,0,1/2,1,-1,STAMPANTE TER. TP-100K-BLACK W/USB+SER+ETHERNET KIOSK VER.
66319010,A-A-02-3,A,A,02,3,12/2211,3100,889,VITE M4 X 8 TESTA SVASATA    PIANA IMPRONTA A CROCE ZINC  
66319010,A-A-03-3,A,A,03,3,36/2211,3100,889,VITE M4 X 8 TESTA SVASATA    PIANA IMPRONTA A CROCE ZINC  
66319010,A-A-03-4,A,A,03,4,18/2211,3100,889,VITE M4 X 8 TESTA SVASATA    PIANA IMPRONTA A CROCE ZINC  
66319010,A-A-04-2,A,A,04,2,12/2211,3100,889,VITE M4 X 8 TESTA SVASATA    PIANA IMPRONTA A CROCE ZINC  
66319010,A-A-04-3,A,A,04,3,12/2211,3100,889,VITE M4 X 8 TESTA SVASATA    PIANA IMPRONTA A CROCE ZINC  
66319010,A-A-06-3,A,A,06,3,12/2211,3100,889,VITE M4 X 8 TESTA SVASATA    PIANA IMPRONTA A CROCE ZINC  
66319010,A-A-08-3,A,A,08,3,12/2211,3100,889,VITE M4 X 8 TESTA SVASATA    PIANA IMPRONTA A CROCE ZINC  
66319010,A-D-01-6,A,D,01,6,4/2211,3100,889,VITE M4 X 8 TESTA SVASATA    PIANA IMPRONTA A CROCE ZINC  
66319010,A-E-03-1,A,E,03,1,2000/2211,3100,889,VITE M4 X 8 TESTA SVASATA    PIANA IMPRONTA A CROCE ZINC  
66319010,A-S-01-0,A,S,01,0,4/2211,3100,889,VITE M4 X 8 TESTA SVASATA    PIANA IMPRONTA A CROCE ZINC  
66319010,A-X-01-0,A,X,01,0,89/2211,3100,889,VITE M4 X 8 TESTA SVASATA    PIANA IMPRONTA A CROCE ZINC  
45503180,A-A-03-2,A,A,03,2,2/17,16,-1,SSD M.2 256GB SATA IY        INDUSTRIAL PANEL PC          
45503180,A-E-01-4,A,E,01,4,14/17,16,-1,SSD M.2 256GB SATA IY        INDUSTRIAL PANEL PC          
45503180,A-X-01-0,A,X,01,0,1/17,16,-1,SSD M.2 256GB SATA IY        INDUSTRIAL PANEL PC          
0PF6AAE2,A-X-01-0,A,X,01,0,1/1,0,-1,GDT-7100N N100/8GB                                        
0P9EG1FI,A-B-02-4,A,B,02,4,15/56,54,-2,"PP-9742W 21,5""/T/GALAXY GREY                              "
0P9EG1FI,A-B-05-4,A,B,05,4,30/56,54,-2,"PP-9742W 21,5""/T/GALAXY GREY                              "
0P9EG1FI,A-B-06-3,A,B,06,3,3/56,54,-2,"PP-9742W 21,5""/T/GALAXY GREY                              "
0P9EG1FI,A-B-06-4,A,B,06,4,8/56,54,-2,"PP-9742W 21,5""/T/GALAXY GREY                              "
0MN873FI,A-B-02-2,A,B,02,2,6/7,2,-5,"MONITOR 15"" XM-3015-AD PCAP  TOUCH GALAXY GREY            "
0MN873FI,A-S-01-0,A,S,01,0,1/7,2,-5,"MONITOR 15"" XM-3015-AD PCAP  TOUCH GALAXY GREY            "
0AC704FI,A-B-02-1,A,B,02,1,68/68,69,1,MECCANICA MONTAGGIO TP-100   PER XELF                     
58102168,A-E-04-3,A,E,04,3,28/28,29,1,STAFFA MODULO RFID PP-8632   R.00                         
61920000,A-E-03-1,A,E,03,1,5488/5488,5464,-24,RONDELLE PIANE 6592 4 ZN                                  
17301820,A-X-01-0,A,X,01,0,2/2,14,12,SODIMM DDR4 4GB 3200MHZ 1RX8 512MX8 CL22 1.2V TRANSCEND   
51702280,A-A-02-3,A,A,02,3,12/195,245,50,COVER EMI WITOUCH CORE KME                                
51702280,A-A-03-3,A,A,03,3,36/195,245,50,COVER EMI WITOUCH CORE KME                                
51702280,A-A-03-4,A,A,03,4,18/195,245,50,COVER EMI WITOUCH CORE KME                                
51702280,A-A-04-2,A,A,04,2,12/195,245,50,COVER EMI WITOUCH CORE KME                                
51702280,A-A-04-3,A,A,04,3,36/195,245,50,COVER EMI WITOUCH CORE KME                                
51702280,A-A-06-3,A,A,06,3,12/195,245,50,COVER EMI WITOUCH CORE KME                                
51702280,A-A-06-4,A,A,06,4,18/195,245,50,COVER EMI WITOUCH CORE KME                                
51702280,A-A-07-1,A,A,07,1,16/195,245,50,COVER EMI WITOUCH CORE KME                                
51702280,A-A-08-3,A,A,08,3,12/195,245,50,COVER EMI WITOUCH CORE KME                                
51702280,A-D-01-6,A,D,01,6,1/195,245,50,COVER EMI WITOUCH CORE KME                                
51702280,A-S-01-0,A,S,01,0,2/195,245,50,COVER EMI WITOUCH CORE KME                                
51702280,A-X-01-0,A,X,01,0,20/195,245,50,COVER EMI WITOUCH CORE KME                                
RFI15305,A-R-02-4,A,R,02,4,2/2,3,1,"TOUCH CONTROLLER USB - 21.5"" RT-722 RD9000PH17NF          "
0AC581FI,A-C-02-2,A,C,02,2,1/2,1,-1,"2ND DISP 10,1""/T/ XM-1010W-PCT/EXTENDED STANDALONE X XPOS "
0AC581FI,A-X-01-0,A,X,01,0,1/2,1,-1,"2ND DISP 10,1""/T/ XM-1010W-PCT/EXTENDED STANDALONE X XPOS "
45503142,A-A-02-2,A,A,02,2,3/45,41,-4,SSD M.2 128GB IY SATA 2280   3DTLC                        
45503142,A-C-04-1,A,C,04,1,7/45,41,-4,SSD M.2 128GB IY SATA 2280   3DTLC                        
45503142,A-C-07-4,A,C,07,4,23/45,41,-4,SSD M.2 128GB IY SATA 2280   3DTLC                        
45503142,A-E-02-4,A,E,02,4,7/45,41,-4,SSD M.2 128GB IY SATA 2280   3DTLC                        
45503142,A-X-01-0,A,X,01,0,5/45,41,-4,SSD M.2 128GB IY SATA 2280   3DTLC                        
0AC528SU,A-C-05-2,A,C,05,2,6/7,6,-1,CRADLE PER SUPPORTO A PISTOLAPER PALMARE L2KS             
0AC528SU,A-X-01-0,A,X,01,0,1/7,6,-1,CRADLE PER SUPPORTO A PISTOLAPER PALMARE L2KS             
0AC602MC,A-B-07-1,A,B,07,1,188/188,191,3,WALL MOUNTING BRACKET VESA   100/75 RAL 9005              
51702267,A-B-06-1,A,B,06,1,455/460,459,-1,PANNELLO POST. EURO STD      GDT 7X/9X  1COM-1USB-1LAN R01
51702267,A-X-01-0,A,X,01,0,5/460,459,-1,PANNELLO POST. EURO STD      GDT 7X/9X  1COM-1USB-1LAN R01
0AC48820,A-A-03-1,A,A,03,1,3/1311,1308,-3,CAVO 2 X USB 2.0 L. 20 CM PERGDT-XXXX - ABK055            
0AC48820,A-C-01-2,A,C,01,2,1305/1311,1308,-3,CAVO 2 X USB 2.0 L. 20 CM PERGDT-XXXX - ABK055            
0AC48820,A-X-01-0,A,X,01,0,3/1311,1308,-3,CAVO 2 X USB 2.0 L. 20 CM PERGDT-XXXX - ABK055            
0AC919FI,A-A-02-2,A,A,02,2,20/355,272,-83,BASE DA TAVOLO SINGLE HINGE  PP-97XX E PP-97XXW           
0AC919FI,A-A-04-4,A,A,04,4,60/355,272,-83,BASE DA TAVOLO SINGLE HINGE  PP-97XX E PP-97XXW           
0AC919FI,A-A-06-2,A,A,06,2,39/355,272,-83,BASE DA TAVOLO SINGLE HINGE  PP-97XX E PP-97XXW           
0AC919FI,A-A-07-2,A,A,07,2,8/355,272,-83,BASE DA TAVOLO SINGLE HINGE  PP-97XX E PP-97XXW           
0AC919FI,A-B-03-3,A,B,03,3,6/355,272,-83,BASE DA TAVOLO SINGLE HINGE  PP-97XX E PP-97XXW           
0AC919FI,A-B-04-3,A,B,04,3,44/355,272,-83,BASE DA TAVOLO SINGLE HINGE  PP-97XX E PP-97XXW           
0AC919FI,A-B-05-4,A,B,05,4,24/355,272,-83,BASE DA TAVOLO SINGLE HINGE  PP-97XX E PP-97XXW           
0AC919FI,A-B-06-2,A,B,06,2,5/355,272,-83,BASE DA TAVOLO SINGLE HINGE  PP-97XX E PP-97XXW           
0AC919FI,A-B-06-4,A,B,06,4,33/355,272,-83,BASE DA TAVOLO SINGLE HINGE  PP-97XX E PP-97XXW           
0AC919FI,A-X-01-0,A,X,01,0,116/355,272,-83,BASE DA TAVOLO SINGLE HINGE  PP-97XX E PP-97XXW           
0SW819MI,A-E-05-3,A,E,05,3,312/388,377,-11,LICENSE WIN.10 IOT FEC 2021 LTSC VALUE EPKEA ESD          
0SW819MI,A-X-01-0,A,X,01,0,76/388,377,-11,LICENSE WIN.10 IOT FEC 2021 LTSC VALUE EPKEA ESD          
0AC637LG,A-D-02-5,A,D,02,5,90/90,91,1,LOGITECH B100 OPTICAL MOUSE  USB WHITE                    
RFI36033,A-D-01-3,A,D,01,3,2/2,0,-2,STAND BASE BASE FOR PP-9635                               
52536138,A-E-01-2,A,E,01,2,16/16,24,8,DISSIP.+VENTOLA LOW PROFILE  socket LGA1155/56            
66319017,A-C-01-2,A,C,01,2,1800/1800,1792,-8,RONDELLE FE GREMBIULINA 4X16 ZN                           
54476110,A-B-01-3,A,B,01,3,150/216,215,-1,SCATOLA CARTONE IMBALLO SELF CHECK-OUT                    
54476110,A-C-05-4,A,C,05,4,66/216,215,-1,SCATOLA CARTONE IMBALLO SELF CHECK-OUT                    
0AC722FI,A-B-03-1,A,B,03,1,1/1,2,1,"STAFFA MONTAGGIO VESA XELF   PP-9XXXW - 15,6""             "
56572010,A-E-04-5,A,E,04,5,73/73,162,89,GASKET CONDUTTIVO USB FRONT. TANK MDC                     
45503155,A-E-03-5,A,E,03,5,34/34,37,3,SSD M.2 1TB 2280 NVME        TRANSCEND                    
91208440,A-E-03-3,A,E,03,3,3/3,0,-3,DUAL BAND WIRELESS 8265 2X2  AC+BT M.2 INTEL              
66319001,A-E-03-1,A,E,03,1,2470/2470,2454,-16,VITI TESTA BOMB.CE ACC. 10.9 4X16 ZN                      
66319003,A-E-03-1,A,E,03,1,3452/3452,6554,3102,"VITE TPS ZINCATA BIANCA MM   3,5X35 X LEGNO               "
66319009,A-E-03-1,A,E,03,1,432/432,932,500,VITE M4X8 BRUNITA 25040081                                
CCOMP229,A-S-01-0,A,S,01,0,1/1,0,-1,"ALL IN ONE 22""/SDA660/4GB/64 GB EMMC/WLAN/ANDR. 12 GMS    "
0P9EIBFI,A-S-01-0,A,S,01,0,1/1,0,-1,"XPOS PLUS XP3765W 15,6""/T/CORE I3-12100/8GB/IO1 24V GREY  "
0AC41700,A-E-04-5,A,E,04,5,50/50,49,-1,VENTOLA 92X92 TACHIM. 12V    3 FILI+CONNET. (L.400MM)     
0P9903IY,A-X-01-0,A,X,01,0,1/1,0,-1,"PANEL PC 12,1"" J6412 IPC120W 1280*800                     "
45503122,A-B-05-3,A,B,05,3,6/105,106,1,SSD M.2 128GB 2280 FEC SATA  6GB/S ADATA 3DTLC            
45503122,A-B-06-2,A,B,06,2,6/105,106,1,SSD M.2 128GB 2280 FEC SATA  6GB/S ADATA 3DTLC            
45503122,A-C-02-4,A,C,02,4,17/105,106,1,SSD M.2 128GB 2280 FEC SATA  6GB/S ADATA 3DTLC            
45503122,A-D-01-2,A,D,01,2,2/105,106,1,SSD M.2 128GB 2280 FEC SATA  6GB/S ADATA 3DTLC            
45503122,A-D-01-3,A,D,01,3,1/105,106,1,SSD M.2 128GB 2280 FEC SATA  6GB/S ADATA 3DTLC            
45503122,A-E-02-4,A,E,02,4,66/105,106,1,SSD M.2 128GB 2280 FEC SATA  6GB/S ADATA 3DTLC            
45503122,A-X-01-0,A,X,01,0,7/105,106,1,SSD M.2 128GB 2280 FEC SATA  6GB/S ADATA 3DTLC            
40141486,A-D-02-2,A,D,02,2,127/129,127,-2,CAVO ALIMENTAZIONE C5 F A    SCHUKO 1 MT NERO             
40141486,A-S-01-0,A,S,01,0,1/129,127,-2,CAVO ALIMENTAZIONE C5 F A    SCHUKO 1 MT NERO             
40141486,A-X-01-0,A,X,01,0,1/129,127,-2,CAVO ALIMENTAZIONE C5 F A    SCHUKO 1 MT NERO             
0P9909KM,A-A-03-2,A,A,03,2,10/10,11,1,"AIO N4000 19,5""/PCAP (WHITE) W/PSU/DB9 HB2009X            "
51702276,A-A-07-1,A,A,07,1,13/13,18,5,COPERCHIO EMI WITOUCH CORE                                
0SW822MI,A-E-05-3,A,E,05,3,158/158,147,-11,LICENSE WIN.11 IOT 2024 LTSC VALUE EPKEA ESD              
22303004,A-E-03-5,A,E,03,5,338/338,339,1,FERRITE PER CAVO TONDO D=10  RICHIUDIBILE                 
0AC100TT,A-E-03-3,A,E,03,3,110/110,98,-12,WIFI ANTENNA MHF4 L30CM                                   
14886820,A-E-03-2,A,E,03,2,10/10,9,-1,"MCP CORE I5-10400 2,90GHZ    LGA1200/12MB CACHE           "
RFI36030,A-X-01-0,A,X,01,0,2/2,1,-1,WALL MOUNTING BRACKET PP/MRT ASTRAN0795                   
0SW948MI,A-E-04-3,A,E,04,3,49/49,29,-20,LICENZA COA WINDOWS 11 PRO.  64 BIT ITA                   
0AC610FI,A-B-02-3,A,B,02,3,9/10,9,-1,XPOLE-DAA DUAL SCREEN + DUAL ARM PER XPOS 240MM           
0AC610FI,A-S-01-0,A,S,01,0,1/10,9,-1,XPOLE-DAA DUAL SCREEN + DUAL ARM PER XPOS 240MM           
RFI13444,A-E-06-3,A,E,06,3,1/7,6,-1,M/B FALS H610 X PP974X       RH9000MB1522                 
RFI13444,A-R-02-1,A,R,02,1,5/7,6,-1,M/B FALS H610 X PP974X       RH9000MB1522                 
RFI13444,A-R-02-3,A,R,02,3,1/7,6,-1,M/B FALS H610 X PP974X       RH9000MB1522                 
RFI13428,A-R-02-2,A,R,02,2,1/1,0,-1,M.B. MMH81AP-FH              RH9000MB1190/1191            
RFI29908,A-R-03-1,A,R,03,1,8/8,7,-1,POWER SUPPLY 150W FSP150-AHA RD9000PH01D3 PP96XX          
0AC559FI,A-A-01-4,A,A,01,4,51/52,51,-1,KIT MSR FOR A121TA BLACK     (USB) RE9000EM0465           
0AC559FI,A-C-02-2,A,C,02,2,1/52,51,-1,KIT MSR FOR A121TA BLACK     (USB) RE9000EM0465           
0AC730FI,A-C-03-2,A,C,03,2,40/40,38,-2,P-USB24V TO DIN PRINTER CABLE                             
0P9AA0ED,A-C-05-1,A,C,05,1,4/6,5,-1,"TABLET RUGGED AT-2060 12,2""  IPS 8GB 128GB N5105 WIFI     "
0P9AA0ED,A-S-01-0,A,S,01,0,2/6,5,-1,"TABLET RUGGED AT-2060 12,2""  IPS 8GB 128GB N5105 WIFI     "
0P9AC0GL,A-C-06-1,A,C,06,1,6/7,6,-1,"TABLET RUGGED AT-2055 10,1""  IPS 128GB N4120 WIFI 2D HAND "
0P9AC0GL,A-X-01-0,A,X,01,0,1/7,6,-1,"TABLET RUGGED AT-2055 10,1""  IPS 128GB N4120 WIFI 2D HAND "
17301840,A-C-06-1,A,C,06,1,1/135,116,-19,SODIMM DDR4 8GB 3200MHZ 1RX161GX16 CL22 1.2V TRANSCEND    
17301840,A-D-01-4,A,D,01,4,2/135,116,-19,SODIMM DDR4 8GB 3200MHZ 1RX161GX16 CL22 1.2V TRANSCEND    
17301840,A-D-01-6,A,D,01,6,1/135,116,-19,SODIMM DDR4 8GB 3200MHZ 1RX161GX16 CL22 1.2V TRANSCEND    
17301840,A-E-01-3,A,E,01,3,130/135,116,-19,SODIMM DDR4 8GB 3200MHZ 1RX161GX16 CL22 1.2V TRANSCEND    
17301840,A-X-01-0,A,X,01,0,1/135,116,-19,SODIMM DDR4 8GB 3200MHZ 1RX161GX16 CL22 1.2V TRANSCEND    
0AC101GL,A-C-06-1,A,C,06,1,1/2,0,-2,"VEHICLE MOUNTING STATION PER TABLET AT-2055 10,1""IPS N4120"
0AC101GL,A-X-01-0,A,X,01,0,1/2,0,-2,"VEHICLE MOUNTING STATION PER TABLET AT-2055 10,1""IPS N4120"
40800388,A-C-07-2,A,C,07,2,110/110,112,2,ALIMENTATORE 60W 12V 180°    FSP060-DHAN3 FORTRON         
0AC719FI,A-B-03-1,A,B,03,1,107/109,108,-1,"SCANNER HOLDER X 15,6"" + 22"" N3680/N4680 XELF             "
0AC719FI,A-X-01-0,A,X,01,0,2/109,108,-1,"SCANNER HOLDER X 15,6"" + 22"" N3680/N4680 XELF             "
56572000,A-E-01-1,A,E,01,1,474/474,473,-1,GASKET CONDUTTIVO SEZ. RETT. 6x3 mm                       
0PF3TY02,A-A-06-4,A,A,06,4,40/45,43,-2,NUC RUGGED CHASSIS/DUAL LAN  BOARD INTEL CMCR1ABB         
0PF3TY02,A-A-07-2,A,A,07,2,2/45,43,-2,NUC RUGGED CHASSIS/DUAL LAN  BOARD INTEL CMCR1ABB         
0PF3TY02,A-S-01-0,A,S,01,0,1/45,43,-2,NUC RUGGED CHASSIS/DUAL LAN  BOARD INTEL CMCR1ABB         
0PF3TY02,A-X-01-0,A,X,01,0,2/45,43,-2,NUC RUGGED CHASSIS/DUAL LAN  BOARD INTEL CMCR1ABB         
0SW815MI,A-E-05-3,A,E,05,3,189/189,180,-9,LICENSE WIN.10 IOT 2021 LTSC ENTRY EPKEA ESD              
22303000,A-E-03-5,A,E,03,5,805/805,807,2,FERRITE PER CAVO TONDO D=6/7 RICHIUDIBILE                 
25042010,A-E-03-4,A,E,03,4,51/52,54,2,ANTENNA ESTERNA SMA (M) AC/A/B/G/N 2 DBI L=112MM          
25042010,A-S-01-0,A,S,01,0,1/52,54,2,ANTENNA ESTERNA SMA (M) AC/A/B/G/N 2 DBI L=112MM          
61920001,A-E-03-1,A,E,03,1,8290/8294,8278,-16,RONDELLE PIANE 6592 8 ZN                                  
61920001,A-X-01-0,A,X,01,0,4/8294,8278,-16,RONDELLE PIANE 6592 8 ZN                                  
45503174,A-E-02-5,A,E,02,5,46/46,92,46,"SSD M.2 512 GB 2280 NVME     TRANSCEND  TS512GMTE220S	
   "
14886910,A-E-02-2,A,E,02,2,5/6,5,-1,"MCP CELERON G5905 3,50GHZ    LGA1200/4MB CACHE            "
14886910,A-X-01-0,A,X,01,0,1/6,5,-1,"MCP CELERON G5905 3,50GHZ    LGA1200/4MB CACHE            "
0P9A01DF,A-B-01-1,A,B,01,1,1/1,2,1,"PANEL-PC RT210 10,1"" TOUCH CAP/IMX6-DL/2GBRAM/4GBeMMC/WLAN"
0SK12205,A-S-01-0,A,S,01,0,1/2,0,-2,KIT WALL MOUNTING BRACKET    VESA 100/75                  
0SK12205,A-X-01-0,A,X,01,0,1/2,0,-2,KIT WALL MOUNTING BRACKET    VESA 100/75                  
CCOMP334,A-S-01-0,A,S,01,0,1/1,0,-1,"WT FANLESS 23,8"" W/O M/B     TOT BLACK HB24Z52A001C       "
0P9DUDFI,A-X-01-0,A,X,01,0,2/2,0,-2,"PP8632  22""/T J1900/4GBRAM                                "
0AC724FI,A-X-01-0,A,X,01,0,1/1,0,-1,XELF PINPAD HOLDER UNIVER    SAL                          
53042324,A-X-01-0,A,X,01,0,1174/1174,4189,3015,ETICHETTA FRONTALE LOGO FEC  ITALIA                       
40141458,A-D-02-2,A,D,02,2,167/227,228,1,"CAVO ALIM. 220VAC CEE7-VII   (SCHUKO) to IEC 320/C5 1,8m  "
40141458,A-D-02-3,A,D,02,3,60/227,228,1,"CAVO ALIM. 220VAC CEE7-VII   (SCHUKO) to IEC 320/C5 1,8m  "
17301722,A-A-02-2,A,A,02,2,3/21,18,-3,SODIMM DDR4 8GB IY INDUSTRIALPANEL PC                     
17301722,A-A-03-2,A,A,03,2,2/21,18,-3,SODIMM DDR4 8GB IY INDUSTRIALPANEL PC                     
17301722,A-C-04-1,A,C,04,1,3/21,18,-3,SODIMM DDR4 8GB IY INDUSTRIALPANEL PC                     
17301722,A-E-02-3,A,E,02,3,10/21,18,-3,SODIMM DDR4 8GB IY INDUSTRIALPANEL PC                     
17301722,A-X-01-0,A,X,01,0,3/21,18,-3,SODIMM DDR4 8GB IY INDUSTRIALPANEL PC                     
0AC512SU,A-C-05-3,A,C,05,3,8/9,8,-1,FODERO CON CINTURA X PALMARE PIÙ PISTOLA L2-L2K           
0AC512SU,A-X-01-0,A,X,01,0,1/9,8,-1,FODERO CON CINTURA X PALMARE PIÙ PISTOLA L2-L2K           
40800354,A-C-07-2,A,C,07,2,14/145,144,-1,ALIM. 120W 19V FSP120-ABBN3                               
40800354,A-C-07-3,A,C,07,3,130/145,144,-1,ALIM. 120W 19V FSP120-ABBN3                               
40800354,A-X-01-0,A,X,01,0,1/145,144,-1,ALIM. 120W 19V FSP120-ABBN3                               
45503175,A-E-01-4,A,E,01,4,203/207,204,-3,SSD M.2 120GB SATA 2280      TRANSCEND                    
45503175,A-X-01-0,A,X,01,0,4/207,204,-3,SSD M.2 120GB SATA 2280      TRANSCEND                    
0AC721FI,A-B-03-1,A,B,03,1,7/9,8,-1,MODULO BARCODE SCANNER 2D    N4680 PER XELF               
0AC721FI,A-X-01-0,A,X,01,0,2/9,8,-1,MODULO BARCODE SCANNER 2D    N4680 PER XELF               
45503164,A-A-02-2,A,A,02,2,20/888,708,-180,SSD M.2 128GB NVME 2280 FEC  PHISON                       
45503164,A-A-04-4,A,A,04,4,60/888,708,-180,SSD M.2 128GB NVME 2280 FEC  PHISON                       
45503164,A-A-06-2,A,A,06,2,37/888,708,-180,SSD M.2 128GB NVME 2280 FEC  PHISON                       
45503164,A-A-08-4,A,A,08,4,15/888,708,-180,SSD M.2 128GB NVME 2280 FEC  PHISON                       
45503164,A-B-02-1,A,B,02,1,10/888,708,-180,SSD M.2 128GB NVME 2280 FEC  PHISON                       
45503164,A-B-02-4,A,B,02,4,30/888,708,-180,SSD M.2 128GB NVME 2280 FEC  PHISON                       
45503164,A-B-03-3,A,B,03,3,6/888,708,-180,SSD M.2 128GB NVME 2280 FEC  PHISON                       
45503164,A-B-03-4,A,B,03,4,15/888,708,-180,SSD M.2 128GB NVME 2280 FEC  PHISON                       
45503164,A-B-04-2,A,B,04,2,11/888,708,-180,SSD M.2 128GB NVME 2280 FEC  PHISON                       
45503164,A-B-04-3,A,B,04,3,44/888,708,-180,SSD M.2 128GB NVME 2280 FEC  PHISON                       
45503164,A-B-04-4,A,B,04,4,45/888,708,-180,SSD M.2 128GB NVME 2280 FEC  PHISON                       
45503164,A-B-05-3,A,B,05,3,4/888,708,-180,SSD M.2 128GB NVME 2280 FEC  PHISON                       
45503164,A-B-05-4,A,B,05,4,54/888,708,-180,SSD M.2 128GB NVME 2280 FEC  PHISON                       
45503164,A-B-06-2,A,B,06,2,12/888,708,-180,SSD M.2 128GB NVME 2280 FEC  PHISON                       
45503164,A-B-06-3,A,B,06,3,21/888,708,-180,SSD M.2 128GB NVME 2280 FEC  PHISON                       
45503164,A-B-06-4,A,B,06,4,43/888,708,-180,SSD M.2 128GB NVME 2280 FEC  PHISON                       
45503164,A-B-07-2,A,B,07,2,2/888,708,-180,SSD M.2 128GB NVME 2280 FEC  PHISON                       
45503164,A-B-07-4,A,B,07,4,30/888,708,-180,SSD M.2 128GB NVME 2280 FEC  PHISON                       
45503164,A-D-01-2,A,D,01,2,1/888,708,-180,SSD M.2 128GB NVME 2280 FEC  PHISON                       
45503164,A-E-02-5,A,E,02,5,193/888,708,-180,SSD M.2 128GB NVME 2280 FEC  PHISON                       
45503164,A-S-01-0,A,S,01,0,5/888,708,-180,SSD M.2 128GB NVME 2280 FEC  PHISON                       
45503164,A-X-01-0,A,X,01,0,230/888,708,-180,SSD M.2 128GB NVME 2280 FEC  PHISON                       
0AC575FI,A-X-01-0,A,X,01,0,1/1,3,2,PRINTER STAND FOR PP96XX/91XXFOR TP-100                   
54476265,A-A-07-3,A,A,07,3,945/1679,1705,26,SCATOLA CARTONE IMBALLO      GDT 7XX/9XX                  
54476265,A-C-04-5,A,C,04,5,240/1679,1705,26,SCATOLA CARTONE IMBALLO      GDT 7XX/9XX                  
54476265,A-C-06-5,A,C,06,5,480/1679,1705,26,SCATOLA CARTONE IMBALLO      GDT 7XX/9XX                  
54476265,A-X-01-0,A,X,01,0,14/1679,1705,26,SCATOLA CARTONE IMBALLO      GDT 7XX/9XX                  
54476273,A-C-03-5,A,C,03,5,265/297,281,-16,SCATOLA CARTONE IMBALLO      GENERICO PICCOLO             
54476273,A-X-01-0,A,X,01,0,32/297,281,-16,SCATOLA CARTONE IMBALLO      GENERICO PICCOLO             
0P9ETIFI,A-D-01-3,A,D,01,3,1/1,0,-1,"PP-9715 15""/T CEL G4900T/4GB BLACK/SILVER                 "
91062260,A-E-01-3,A,E,01,3,1/1,3,2,M.B. FH-RK3568 2.0GHZ 4G/64G RH9000MB1550                 
0MN863FI,A-A-02-3,A,A,02,3,39/52,51,-1,"MONITOR 22"" PANOTEC LD-9022W TOUCH P-CAP FEC (GALAXY GREY)"
0MN863FI,A-B-05-3,A,B,05,3,13/52,51,-1,"MONITOR 22"" PANOTEC LD-9022W TOUCH P-CAP FEC (GALAXY GREY)"
0AC110IN,A-A-06-2,A,A,06,2,17/17,7,-10,CASSETTO INTERNO CON         SERRATURA 50X28              
0AC810AE,A-A-05-1,A,A,05,1,18/34,33,-1,RIPIANO TASTIERA E MOUSE PER TOTEM GEN 1 NERO R00         
0AC810AE,A-A-08-4,A,A,08,4,15/34,33,-1,RIPIANO TASTIERA E MOUSE PER TOTEM GEN 1 NERO R00         
0AC810AE,A-X-01-0,A,X,01,0,1/34,33,-1,RIPIANO TASTIERA E MOUSE PER TOTEM GEN 1 NERO R00         
42001227,A-A-06-3,A,A,06,3,192/648,649,1,CABINET MCCO M-ITX BASE W/O  CEST. GDT 7XX-9XX VESA100 MCM
42001227,A-A-07-1,A,A,07,1,456/648,649,1,CABINET MCCO M-ITX BASE W/O  CEST. GDT 7XX-9XX VESA100 MCM
54476129,A-C-02-5,A,C,02,5,180/481,490,9,SCATOLA CARTONE IMB. TANK    DS-01W CHIEFTEC              
54476129,A-C-03-5,A,C,03,5,90/481,490,9,SCATOLA CARTONE IMB. TANK    DS-01W CHIEFTEC              
54476129,A-C-04-5,A,C,04,5,90/481,490,9,SCATOLA CARTONE IMB. TANK    DS-01W CHIEFTEC              
54476129,A-C-05-5,A,C,05,5,61/481,490,9,SCATOLA CARTONE IMB. TANK    DS-01W CHIEFTEC              
54476129,A-C-07-4,A,C,07,4,60/481,490,9,SCATOLA CARTONE IMB. TANK    DS-01W CHIEFTEC              
54642006,A-C-05-4,A,C,05,4,5393/5393,5245,-148,SACCHETTO LD TRASPARENTE     40X50/06 PER GDTXX           
94902011,A-E-05-2,A,E,05,2,5/34,24,-10,STANDBASE WHITE VESA(75/100) WITOUCH/PP/MRT & MON. TOUCH  
94902011,A-X-01-0,A,X,01,0,29/34,24,-10,STANDBASE WHITE VESA(75/100) WITOUCH/PP/MRT & MON. TOUCH  
0SW946MI,A-E-04-3,A,E,04,3,60/60,61,1,LICENZA WINDOWS 11 PRO. 64   BIT ITA                      
0AC103AU,A-E-04-3,A,E,04,3,53/53,60,7,DVD 300081500  PER GPU RTX   3050 TANK Q670/370 ESAOTE    
66319008,A-E-03-1,A,E,03,1,2194/2198,2194,-4,VITE TESTA BOMB.CE ACC.10.9  6X20 ZN                      
66319008,A-X-01-0,A,X,01,0,4/2198,2194,-4,VITE TESTA BOMB.CE ACC.10.9  6X20 ZN                      
45503168,A-E-02-5,A,E,02,5,32/32,31,-1,SSD M.2 1TB 2280 NVME WD                                  
RFI36031,A-B-01-1,A,B,01,1,3/3,2,-1,HDD OLDER                    RBAIOPMC2070                 
0P9EHBFI,A-X-01-0,A,X,01,0,2/2,0,-2,"XPOS XP-3685 15""/T/CEL.3965U/4GB SILVER                   "
0TA100PX,A-D-01-5,A,D,01,5,5/5,1,-4,TASTIERA COMPATTA ITA USB    COLORE NERO (PERIBOARD-409)  
RAO13504,A-R-01-5,A,R,01,5,1/1,2,1,M.B. IBTMT-W PER AIO WT19M-FB - 48.WT305.01A0             
RFI90001,A-R-02-2,A,R,02,2,1/1,0,-1,LI-ION BATTERY 7200MA 3.7V   TABLET AT-1450 CVATR0000000  
0AC923FI,A-C-03-2,A,C,03,2,3/3,5,2,SCANNER USB 2D XPPC STAND    PP-97XXX GALAXY GREY         
0MN851ZH,A-C-06-1,A,C,06,1,1/1,3,2,"9,7"" HDMI DISPLAY WITH       STAND AND POWER ADAPTER      "
23330043,A-A-03-1,A,A,03,1,5/1626,1621,-5,PUSH BUTTON PER GDT-XXXX 12MMINDENT- IB12C-P10F-*B3V/A    
23330043,A-C-01-2,A,C,01,2,1617/1626,1621,-5,PUSH BUTTON PER GDT-XXXX 12MMINDENT- IB12C-P10F-*B3V/A    
23330043,A-X-01-0,A,X,01,0,4/1626,1621,-5,PUSH BUTTON PER GDT-XXXX 12MMINDENT- IB12C-P10F-*B3V/A    
14887021,A-A-04-4,A,A,04,4,30/220,163,-57,"MCP CORE I5-12400 2,50 GHZ   FCLGA1700/18MB CACHE FEC     "
14887021,A-A-06-2,A,A,06,2,20/220,163,-57,"MCP CORE I5-12400 2,50 GHZ   FCLGA1700/18MB CACHE FEC     "
14887021,A-B-02-4,A,B,02,4,15/220,163,-57,"MCP CORE I5-12400 2,50 GHZ   FCLGA1700/18MB CACHE FEC     "
14887021,A-B-03-3,A,B,03,3,6/220,163,-57,"MCP CORE I5-12400 2,50 GHZ   FCLGA1700/18MB CACHE FEC     "
14887021,A-B-04-3,A,B,04,3,44/220,163,-57,"MCP CORE I5-12400 2,50 GHZ   FCLGA1700/18MB CACHE FEC     "
14887021,A-B-05-2,A,B,05,2,18/220,163,-57,"MCP CORE I5-12400 2,50 GHZ   FCLGA1700/18MB CACHE FEC     "
14887021,A-B-06-3,A,B,06,3,9/220,163,-57,"MCP CORE I5-12400 2,50 GHZ   FCLGA1700/18MB CACHE FEC     "
14887021,A-B-06-4,A,B,06,4,8/220,163,-57,"MCP CORE I5-12400 2,50 GHZ   FCLGA1700/18MB CACHE FEC     "
14887021,A-D-01-2,A,D,01,2,1/220,163,-57,"MCP CORE I5-12400 2,50 GHZ   FCLGA1700/18MB CACHE FEC     "
14887021,A-E-02-2,A,E,02,2,18/220,163,-57,"MCP CORE I5-12400 2,50 GHZ   FCLGA1700/18MB CACHE FEC     "
14887021,A-S-01-0,A,S,01,0,1/220,163,-57,"MCP CORE I5-12400 2,50 GHZ   FCLGA1700/18MB CACHE FEC     "
14887021,A-X-01-0,A,X,01,0,50/220,163,-57,"MCP CORE I5-12400 2,50 GHZ   FCLGA1700/18MB CACHE FEC     "
54643031,A-C-06-5,A,C,06,5,320/430,610,180,"CUFFIA GDT 7XX/9XX IN FOAM   285X190X40+33,5MM            "
54643031,A-X-01-0,A,X,01,0,110/430,610,180,"CUFFIA GDT 7XX/9XX IN FOAM   285X190X40+33,5MM            "
45503154,A-E-03-5,A,E,03,5,116/117,114,-3,SSD M.2 256GB 2280 NVME      TRANSCEND                    
45503154,A-X-01-0,A,X,01,0,1/117,114,-3,SSD M.2 256GB 2280 NVME      TRANSCEND                    
XM3010W-00100,A-B-07-2,A,B,07,2,20/20,0,-20,"XM3010W-DD-VESA/NOTOUCH/10,1""/DD-CABLE/CABLE 80CM/GREY    "
0P9919KM,A-A-02-3,A,A,02,3,12/145,138,-7,"WT CORE 7E 21,5"" TOT BLACK   PCAP EMI W/PSU 120W          "
0P9919KM,A-A-03-3,A,A,03,3,36/145,138,-7,"WT CORE 7E 21,5"" TOT BLACK   PCAP EMI W/PSU 120W          "
0P9919KM,A-A-03-4,A,A,03,4,18/145,138,-7,"WT CORE 7E 21,5"" TOT BLACK   PCAP EMI W/PSU 120W          "
0P9919KM,A-A-04-2,A,A,04,2,12/145,138,-7,"WT CORE 7E 21,5"" TOT BLACK   PCAP EMI W/PSU 120W          "
0P9919KM,A-A-04-3,A,A,04,3,12/145,138,-7,"WT CORE 7E 21,5"" TOT BLACK   PCAP EMI W/PSU 120W          "
0P9919KM,A-A-06-3,A,A,06,3,12/145,138,-7,"WT CORE 7E 21,5"" TOT BLACK   PCAP EMI W/PSU 120W          "
0P9919KM,A-A-06-4,A,A,06,4,18/145,138,-7,"WT CORE 7E 21,5"" TOT BLACK   PCAP EMI W/PSU 120W          "
0P9919KM,A-A-08-3,A,A,08,3,12/145,138,-7,"WT CORE 7E 21,5"" TOT BLACK   PCAP EMI W/PSU 120W          "
0P9919KM,A-X-01-0,A,X,01,0,13/145,138,-7,"WT CORE 7E 21,5"" TOT BLACK   PCAP EMI W/PSU 120W          "
0AC715FI,A-B-02-1,A,B,02,1,20/20,21,1,XELF PINPAD HOLDER LANE 5000 PER XELF                     
0AC49100,A-E-04-4,A,E,04,4,121/122,123,1,CAVO USB INTERNO 25CM                                     
0AC49100,A-S-01-0,A,S,01,0,1/122,123,1,CAVO USB INTERNO 25CM                                     
0TA92500,A-X-01-0,A,X,01,0,1/1,0,-1,WIRELESS TASTIERA+MOUSE WHITEITA CK380G+CM892G            
0P9EHZFI,A-X-01-0,A,X,01,0,1/1,0,-1,"PP-9742W 21,5""/T/I3-12100/8GBGALAXY GREY                  "
0AC70BFI,A-X-01-0,A,X,01,0,1/1,0,-1,XELF DESKTOP VERS. TP-100                                 
RA9000XC4289B,A-R-02-4,A,R,02,4,3/3,4,1,TYPE C CABLE_90 DEGREE XPOS  BOARD-SKU                    
RFI22006,A-R-02-3,A,R,02,3,20/20,21,1,USB CABLE 6P-6P FOR SIDE MSR EXT. BOARD RA9000XC4115/B    
0AC50811,A-C-04-1,A,C,04,1,66/67,65,-2,WALL MOUNT SCANNER HOLDER    ERGOTRON                     
0AC50811,A-X-01-0,A,X,01,0,1/67,65,-2,WALL MOUNT SCANNER HOLDER    ERGOTRON                     
0AC503SU,A-C-05-2,A,C,05,2,16/17,14,-3,BARCODE SCANNER 1D/2D BRANDEGGIO NS021                    
0AC503SU,A-X-01-0,A,X,01,0,1/17,14,-3,BARCODE SCANNER 1D/2D BRANDEGGIO NS021                    
0AC510SU,A-C-05-2,A,C,05,2,16/16,15,-1,SUPPORTO DA TAVOLO PER       BARCODE SCANNER NS021        
0AC521SU,A-C-05-2,A,C,05,2,18/19,18,-1,"PALMARE RUGGED L2KS 4,0"" IP682G+16G WIFI SCANNER ANDR. 11 "
0AC521SU,A-X-01-0,A,X,01,0,1/19,18,-1,"PALMARE RUGGED L2KS 4,0"" IP682G+16G WIFI SCANNER ANDR. 11 "
0P9GABFI,A-X-01-0,A,X,01,0,2/2,6,4,"PP-9735W/T/15,6"" CEL J6412   /8GB/GALAXY GREY             "
0AC705FI,A-B-02-2,A,B,02,2,29/33,32,-1,MECCANICA PER FP-81 / TP-100 PER XELF ASKISK3105          
0AC705FI,A-D-01-1,A,D,01,1,2/33,32,-1,MECCANICA PER FP-81 / TP-100 PER XELF ASKISK3105          
0AC705FI,A-X-01-0,A,X,01,0,2/33,32,-1,MECCANICA PER FP-81 / TP-100 PER XELF ASKISK3105          
0P9EF6FI,A-A-08-4,A,A,08,4,15/196,139,-57,"PP-9732W 21,5""/T/CEL J6412   GALAXY GREY                  "
0P9EF6FI,A-B-02-4,A,B,02,4,15/196,139,-57,"PP-9732W 21,5""/T/CEL J6412   GALAXY GREY                  "
0P9EF6FI,A-B-03-4,A,B,03,4,15/196,139,-57,"PP-9732W 21,5""/T/CEL J6412   GALAXY GREY                  "
0P9EF6FI,A-B-04-4,A,B,04,4,45/196,139,-57,"PP-9732W 21,5""/T/CEL J6412   GALAXY GREY                  "
0P9EF6FI,A-B-07-4,A,B,07,4,30/196,139,-57,"PP-9732W 21,5""/T/CEL J6412   GALAXY GREY                  "
0P9EF6FI,A-X-01-0,A,X,01,0,76/196,139,-57,"PP-9732W 21,5""/T/CEL J6412   GALAXY GREY                  "
0MN861FI,A-A-05-2,A,A,05,2,17/18,13,-5,"MONITOR 32"" TOUCH LD-9032W   P-CAP FEC (GALAXY GREY)      "
0MN861FI,A-D-01-4,A,D,01,4,1/18,13,-5,"MONITOR 32"" TOUCH LD-9032W   P-CAP FEC (GALAXY GREY)      "
0P9EQ4FI,A-D-01-4,A,D,01,4,1/1,0,-1,"XP3765W 15,6""/CORE I5-12400/ /IO1-24V GALAXY GREY         "
91061710,A-A-02-3,A,A,02,3,12/182,82,-100,M.B. ECS H610H7-TI5 MINI-ITX LGA1700                      
91061710,A-A-03-3,A,A,03,3,36/182,82,-100,M.B. ECS H610H7-TI5 MINI-ITX LGA1700                      
91061710,A-A-03-4,A,A,03,4,18/182,82,-100,M.B. ECS H610H7-TI5 MINI-ITX LGA1700                      
91061710,A-A-04-2,A,A,04,2,12/182,82,-100,M.B. ECS H610H7-TI5 MINI-ITX LGA1700                      
91061710,A-A-04-3,A,A,04,3,36/182,82,-100,M.B. ECS H610H7-TI5 MINI-ITX LGA1700                      
91061710,A-A-06-3,A,A,06,3,12/182,82,-100,M.B. ECS H610H7-TI5 MINI-ITX LGA1700                      
91061710,A-A-06-4,A,A,06,4,18/182,82,-100,M.B. ECS H610H7-TI5 MINI-ITX LGA1700                      
91061710,A-A-08-3,A,A,08,3,12/182,82,-100,M.B. ECS H610H7-TI5 MINI-ITX LGA1700                      
91061710,A-D-01-6,A,D,01,6,1/182,82,-100,M.B. ECS H610H7-TI5 MINI-ITX LGA1700                      
91061710,A-X-01-0,A,X,01,0,25/182,82,-100,M.B. ECS H610H7-TI5 MINI-ITX LGA1700                      
0AC511FE,A-X-01-0,A,X,01,0,1/1,0,-1,MODULO STAMPANTE PER F310                                 
91208422,A-A-02-3,A,A,02,3,12/184,249,65,DUAL BAND WIRELESS 9560 AC 2X2 AC+BT M.2 INTEL            
91208422,A-A-03-3,A,A,03,3,36/184,249,65,DUAL BAND WIRELESS 9560 AC 2X2 AC+BT M.2 INTEL            
91208422,A-A-03-4,A,A,03,4,18/184,249,65,DUAL BAND WIRELESS 9560 AC 2X2 AC+BT M.2 INTEL            
91208422,A-A-04-2,A,A,04,2,12/184,249,65,DUAL BAND WIRELESS 9560 AC 2X2 AC+BT M.2 INTEL            
91208422,A-A-04-3,A,A,04,3,36/184,249,65,DUAL BAND WIRELESS 9560 AC 2X2 AC+BT M.2 INTEL            
91208422,A-A-06-3,A,A,06,3,12/184,249,65,DUAL BAND WIRELESS 9560 AC 2X2 AC+BT M.2 INTEL            
91208422,A-A-06-4,A,A,06,4,18/184,249,65,DUAL BAND WIRELESS 9560 AC 2X2 AC+BT M.2 INTEL            
91208422,A-A-08-3,A,A,08,3,12/184,249,65,DUAL BAND WIRELESS 9560 AC 2X2 AC+BT M.2 INTEL            
91208422,A-D-01-6,A,D,01,6,1/184,249,65,DUAL BAND WIRELESS 9560 AC 2X2 AC+BT M.2 INTEL            
91208422,A-S-01-0,A,S,01,0,2/184,249,65,DUAL BAND WIRELESS 9560 AC 2X2 AC+BT M.2 INTEL            
91208422,A-X-01-0,A,X,01,0,25/184,249,65,DUAL BAND WIRELESS 9560 AC 2X2 AC+BT M.2 INTEL            
0P9GA1FI,A-B-05-3,A,B,05,3,4/61,49,-12,"PP-9735W/T/15,6"" CEL J6412   GALAXY GREY                  "
0P9GA1FI,A-B-06-2,A,B,06,2,7/61,49,-12,"PP-9735W/T/15,6"" CEL J6412   GALAXY GREY                  "
0P9GA1FI,A-B-06-4,A,B,06,4,20/61,49,-12,"PP-9735W/T/15,6"" CEL J6412   GALAXY GREY                  "
0P9GA1FI,A-S-01-0,A,S,01,0,3/61,49,-12,"PP-9735W/T/15,6"" CEL J6412   GALAXY GREY                  "
0P9GA1FI,A-X-01-0,A,X,01,0,27/61,49,-12,"PP-9735W/T/15,6"" CEL J6412   GALAXY GREY                  "
17301701,A-B-06-2,A,B,06,2,14/45,28,-17,"SODIMM DDR4 4GB PC4-2666MHZ  NOPARITY 1,2V 16BIT FEC      "
17301701,A-C-02-4,A,C,02,4,17/45,28,-17,"SODIMM DDR4 4GB PC4-2666MHZ  NOPARITY 1,2V 16BIT FEC      "
17301701,A-E-02-3,A,E,02,3,12/45,28,-17,"SODIMM DDR4 4GB PC4-2666MHZ  NOPARITY 1,2V 16BIT FEC      "
17301701,A-S-01-0,A,S,01,0,1/45,28,-17,"SODIMM DDR4 4GB PC4-2666MHZ  NOPARITY 1,2V 16BIT FEC      "
17301701,A-X-01-0,A,X,01,0,1/45,28,-17,"SODIMM DDR4 4GB PC4-2666MHZ  NOPARITY 1,2V 16BIT FEC      "
0MN855FI,A-A-05-3,A,A,05,3,6/7,6,-1,"MONITOR 17""/TOUCH P-CAP      AM-1017 FEC (BLACK)          "
0MN855FI,A-E-06-3,A,E,06,3,1/7,6,-1,"MONITOR 17""/TOUCH P-CAP      AM-1017 FEC (BLACK)          "
RFI13432,A-R-00-0,A,R,00,0,1/5,4,-1,M.B. FH-Z8300-T 4G/64G PER   TABLET AT-1450 RH9000MB1239  
RFI13432,A-R-02-2,A,R,02,2,4/5,4,-1,M.B. FH-Z8300-T 4G/64G PER   TABLET AT-1450 RH9000MB1239  
0SW821MI,A-C-05-1,A,C,05,1,4/130,103,-27,LICENSE WIN.11 IOT 2024 LTSC ENTRY EPKEA ESD              
0SW821MI,A-E-05-3,A,E,05,3,126/130,103,-27,LICENSE WIN.11 IOT 2024 LTSC ENTRY EPKEA ESD              
91061720,A-C-06-2,A,C,06,2,9/9,10,1,M.B. ASUS H610I-IM-A MINI-ITXLGA1700                      
17301721,A-A-02-2,A,A,02,2,20/757,593,-164,"SODIMM DDR4 8GB PC4-2666MHZ  NOPARITY 1,2V 8BIT FEC       "
17301721,A-A-04-4,A,A,04,4,60/757,593,-164,"SODIMM DDR4 8GB PC4-2666MHZ  NOPARITY 1,2V 8BIT FEC       "
17301721,A-A-06-2,A,A,06,2,37/757,593,-164,"SODIMM DDR4 8GB PC4-2666MHZ  NOPARITY 1,2V 8BIT FEC       "
17301721,A-A-08-4,A,A,08,4,15/757,593,-164,"SODIMM DDR4 8GB PC4-2666MHZ  NOPARITY 1,2V 8BIT FEC       "
17301721,A-B-02-1,A,B,02,1,10/757,593,-164,"SODIMM DDR4 8GB PC4-2666MHZ  NOPARITY 1,2V 8BIT FEC       "
17301721,A-B-02-4,A,B,02,4,30/757,593,-164,"SODIMM DDR4 8GB PC4-2666MHZ  NOPARITY 1,2V 8BIT FEC       "
17301721,A-B-03-3,A,B,03,3,6/757,593,-164,"SODIMM DDR4 8GB PC4-2666MHZ  NOPARITY 1,2V 8BIT FEC       "
17301721,A-B-03-4,A,B,03,4,15/757,593,-164,"SODIMM DDR4 8GB PC4-2666MHZ  NOPARITY 1,2V 8BIT FEC       "
17301721,A-B-04-2,A,B,04,2,11/757,593,-164,"SODIMM DDR4 8GB PC4-2666MHZ  NOPARITY 1,2V 8BIT FEC       "
17301721,A-B-04-3,A,B,04,3,44/757,593,-164,"SODIMM DDR4 8GB PC4-2666MHZ  NOPARITY 1,2V 8BIT FEC       "
17301721,A-B-04-4,A,B,04,4,45/757,593,-164,"SODIMM DDR4 8GB PC4-2666MHZ  NOPARITY 1,2V 8BIT FEC       "
17301721,A-B-05-2,A,B,05,2,18/757,593,-164,"SODIMM DDR4 8GB PC4-2666MHZ  NOPARITY 1,2V 8BIT FEC       "
17301721,A-B-05-3,A,B,05,3,4/757,593,-164,"SODIMM DDR4 8GB PC4-2666MHZ  NOPARITY 1,2V 8BIT FEC       "
17301721,A-B-05-4,A,B,05,4,54/757,593,-164,"SODIMM DDR4 8GB PC4-2666MHZ  NOPARITY 1,2V 8BIT FEC       "
17301721,A-B-06-2,A,B,06,2,12/757,593,-164,"SODIMM DDR4 8GB PC4-2666MHZ  NOPARITY 1,2V 8BIT FEC       "
17301721,A-B-06-3,A,B,06,3,35/757,593,-164,"SODIMM DDR4 8GB PC4-2666MHZ  NOPARITY 1,2V 8BIT FEC       "
17301721,A-B-06-4,A,B,06,4,42/757,593,-164,"SODIMM DDR4 8GB PC4-2666MHZ  NOPARITY 1,2V 8BIT FEC       "
17301721,A-B-07-2,A,B,07,2,2/757,593,-164,"SODIMM DDR4 8GB PC4-2666MHZ  NOPARITY 1,2V 8BIT FEC       "
17301721,A-B-07-4,A,B,07,4,30/757,593,-164,"SODIMM DDR4 8GB PC4-2666MHZ  NOPARITY 1,2V 8BIT FEC       "
17301721,A-D-01-2,A,D,01,2,4/757,593,-164,"SODIMM DDR4 8GB PC4-2666MHZ  NOPARITY 1,2V 8BIT FEC       "
17301721,A-D-01-3,A,D,01,3,1/757,593,-164,"SODIMM DDR4 8GB PC4-2666MHZ  NOPARITY 1,2V 8BIT FEC       "
17301721,A-E-02-3,A,E,02,3,52/757,593,-164,"SODIMM DDR4 8GB PC4-2666MHZ  NOPARITY 1,2V 8BIT FEC       "
17301721,A-S-01-0,A,S,01,0,2/757,593,-164,"SODIMM DDR4 8GB PC4-2666MHZ  NOPARITY 1,2V 8BIT FEC       "
17301721,A-X-01-0,A,X,01,0,208/757,593,-164,"SODIMM DDR4 8GB PC4-2666MHZ  NOPARITY 1,2V 8BIT FEC       "
52536139,A-A-01-2,A,A,01,2,720/861,947,86,DISSIP.+ VENTOLA SOCKET      LGA115X/1200 E97379          
52536139,A-E-01-2,A,E,01,2,138/861,947,86,DISSIP.+ VENTOLA SOCKET      LGA115X/1200 E97379          
52536139,A-S-01-0,A,S,01,0,3/861,947,86,DISSIP.+ VENTOLA SOCKET      LGA115X/1200 E97379          
0AC732FI,A-B-01-3,A,B,01,3,20/46,45,-1,VESA MOUNTING BRACKET XELF   PP-9732W/9742W PORTRAIT      
0AC732FI,A-B-03-2,A,B,03,2,7/46,45,-1,VESA MOUNTING BRACKET XELF   PP-9732W/9742W PORTRAIT      
0AC732FI,A-B-03-3,A,B,03,3,18/46,45,-1,VESA MOUNTING BRACKET XELF   PP-9732W/9742W PORTRAIT      
0AC732FI,A-X-01-0,A,X,01,0,1/46,45,-1,VESA MOUNTING BRACKET XELF   PP-9732W/9742W PORTRAIT      
0AC100IN,A-A-06-2,A,A,06,2,6/6,4,-2,CASSETTO PORTA DENARO 50X28  NERO                         
0AC803AE,A-A-06-1,A,A,06,1,36/37,36,-1,RIPIANO STP ET TOTEM GEN 1   VERNICIATO NERO RAL 9005     
0AC803AE,A-X-01-0,A,X,01,0,1/37,36,-1,RIPIANO STP ET TOTEM GEN 1   VERNICIATO NERO RAL 9005     
0AC513PP,A-A-04-1,A,A,04,1,4/4,2,-2,PINPAD HOLDER UNIVERSAL BLACKSCO                          
0AC714FI,A-B-02-1,A,B,02,1,20/20,21,1,MECCANICA EFT POS LANE 5000  BASE PER XELF                
54476158,A-C-04-4,A,C,04,4,21/21,39,18,SCATOLA CARTONE IMB. ESTERNO GENERICO                     
52536140,A-E-02-2,A,E,02,2,4/106,113,7,DISSIP. + VENTOLA LGA 1700   CORE                         
52536140,A-E-03-2,A,E,03,2,7/106,113,7,DISSIP. + VENTOLA LGA 1700   CORE                         
52536140,A-E-05-2,A,E,05,2,95/106,113,7,DISSIP. + VENTOLA LGA 1700   CORE                         
0ST900EP,A-X-01-0,A,X,01,0,25/25,4,-21,STAMPANTE FISCALE FP-81II-RT ETH. EPSON BLACK             
61820003,A-E-03-1,A,E,03,1,1784/1784,1756,-28,DADO ESAG. 6/S 5588 4 ZN                                  
0P9EQAFI,A-X-01-0,A,X,01,0,1/1,0,-1,"XPOS XELF 22""/T/I3-7100U/4GB/SSD 128GB SILVER/GREY        "
0SK12206,A-X-01-0,A,X,01,0,1/1,-1,-2,KIT WIFI + BLUETHOOT MODULE  XPOS/XPPC AX210              
RKM13517,A-R-03-5,A,R,03,5,1/1,2,1,WEBCAM MODULE HB-A2C2        FXXWC200001C                 
RFI13427,A-R-00-0,A,R,00,0,1/3,2,-1,M.B. 2G J1900 (FOR PP-9635)  RH9000MB1145                 
RFI13427,A-R-01-4,A,R,01,4,2/3,2,-1,M.B. 2G J1900 (FOR PP-9635)  RH9000MB1145                 
RFI19916,A-R-00-0,A,R,00,0,1/9,8,-1,"AUO LCD PANEL 15"" 1024X768 LED PP96XX SVPPLG5000B0        "
RFI19916,A-R-03-3,A,R,03,3,8/9,8,-1,"AUO LCD PANEL 15"" 1024X768 LED PP96XX SVPPLG5000B0        "
RFI29916,A-R-03-1,A,R,03,1,23/29,31,2,POWER SUPPLY 90W 20V/4.5A    PER XPOS - RD9000PH01DR      
RFI29916,A-X-01-0,A,X,01,0,6/29,31,2,POWER SUPPLY 90W 20V/4.5A    PER XPOS - RD9000PH01DR      
0AC954FI,A-C-03-3,A,C,03,3,27/27,25,-2,"DISPLAY XPOS PLUS 10,1"" XM-  3010W-DP/TOUCH/GALXY GREY    "
0AC955FI,A-C-03-2,A,C,03,2,4/4,3,-1,"DISPLAY XPOS PLUS 10,1"" XM-  3010W-DP/NO TOUCH/GALXY GREY "
40141493,A-C-04-2,A,C,04,2,58/58,59,1,CAVO USB 2.0 L=8CM           PER M.B. H610I-IM-A MINI-ITX 
40141492,A-C-04-2,A,C,04,2,58/58,59,1,CAVO USB 2.0 L=22CM          PER M.B. H610I-IM-A MINI-ITX 
0P9919IY,A-C-04-1,A,C,04,1,3/4,3,-1,BPC-2012/FANLESS IPC I5-1235U/4 LAN                       
0P9919IY,A-X-01-0,A,X,01,0,1/4,3,-1,BPC-2012/FANLESS IPC I5-1235U/4 LAN                       
0AC523SU,A-C-05-2,A,C,05,2,1/1,2,1,"PALMARE GMS V2S PLUS 6,22""   3GB/32GB STAMP 80M 1D/2D ANDR"
14886890,A-C-05-1,A,C,05,1,1/21,20,-1,MCP CORE I3-1115G4 8GB LP    DDR4X WIFI  NUC              
14886890,A-E-02-1,A,E,02,1,18/21,20,-1,MCP CORE I3-1115G4 8GB LP    DDR4X WIFI  NUC              
14886890,A-E-06-5,A,E,06,5,1/21,20,-1,MCP CORE I3-1115G4 8GB LP    DDR4X WIFI  NUC              
14886890,A-X-01-0,A,X,01,0,1/21,20,-1,MCP CORE I3-1115G4 8GB LP    DDR4X WIFI  NUC              
91061711,A-C-06-3,A,C,06,3,30/37,42,5,M.B. ECS H610H7-TI5 MINI-ITX LGA1700                      
91061711,A-E-06-5,A,E,06,5,4/37,42,5,M.B. ECS H610H7-TI5 MINI-ITX LGA1700                      
91061711,A-S-01-0,A,S,01,0,3/37,42,5,M.B. ECS H610H7-TI5 MINI-ITX LGA1700                      
40800387,A-C-07-2,A,C,07,2,9/9,10,1,"ALIM. 120W 12V C6 5,5MM*2,5MM                             "
0SW818MI,A-B-07-2,A,B,07,2,8/789,653,-136,LICENSE WIN.10 IOT FEC 2021 LTSC ENTRY EPKEA ESD          
0SW818MI,A-B-07-3,A,B,07,3,5/789,653,-136,LICENSE WIN.10 IOT FEC 2021 LTSC ENTRY EPKEA ESD          
0SW818MI,A-E-05-3,A,E,05,3,733/789,653,-136,LICENSE WIN.10 IOT FEC 2021 LTSC ENTRY EPKEA ESD          
0SW818MI,A-X-01-0,A,X,01,0,43/789,653,-136,LICENSE WIN.10 IOT FEC 2021 LTSC ENTRY EPKEA ESD          
0AC635LG,A-D-02-4,A,D,02,4,95/95,91,-4,LOGITECH B100/M90 OPT.MOUSE  USB NERO                     
61820004,A-C-01-2,A,C,01,2,4040/4040,4028,-12,DADO ESAG. 6/S 5588 8 ZN                                  
0SW806MI,A-A-07-2,A,A,07,2,1/7,10,3,LICENSE WIN.10 IOT 2019 LTSC ENTRY EPKEA ESD              
0SW806MI,A-E-05-3,A,E,05,3,6/7,10,3,LICENSE WIN.10 IOT 2019 LTSC ENTRY EPKEA ESD              
54476274,A-A-06-3,A,A,06,3,20/21,20,-1,SCATOLA CARTONE IMBALLO      WITOUCH CGM                  
54476274,A-D-01-6,A,D,01,6,1/21,20,-1,SCATOLA CARTONE IMBALLO      WITOUCH CGM                  
54476264,A-A-08-1,A,A,08,1,12/86,241,155,SCATOLA CARTONE IMBALLO A CAPPUCCIO AMERICANA PER TOTEM   
54476264,A-X-01-0,A,X,01,0,74/86,241,155,SCATOLA CARTONE IMBALLO A CAPPUCCIO AMERICANA PER TOTEM   
0AC508CL,A-B-03-1,A,B,03,1,69/69,67,-2,"TOUCH CAPACITIVO 19"" PER WITOUCH CORE CL.                 "
0P9920KM,A-A-04-3,A,A,04,3,24/39,108,69,"WT CORE 7E 21,5"" TOT WHITE   PCAP EMI W/PSU 120W          "
0P9920KM,A-X-01-0,A,X,01,0,15/39,108,69,"WT CORE 7E 21,5"" TOT WHITE   PCAP EMI W/PSU 120W          "
45503156,A-E-02-5,A,E,02,5,5/5,6,1,SSD M.2 1TB 2280 NVME KING   PCIE GEN 4.0 X 4             
61920002,A-E-03-1,A,E,03,1,2082/2090,2082,-8,RONDELLE PIANE 6592 6 ZN                                  
61920002,A-X-01-0,A,X,01,0,8/2090,2082,-8,RONDELLE PIANE 6592 6 ZN                                  
91079162,A-X-01-0,A,X,01,0,9/9,30,21,SK GRAFICA PCI-E RTX 3050    SOLO 8GB                     
0P9DZBFI,A-S-01-0,A,S,01,0,1/1,0,-1,"PP-9732W 21,5""/T/CEL J6412   8GB                          "
0P99N1KM,A-X-01-0,A,X,01,0,1/1,0,-1,"WITOUCH CORE-6E 21,5""/T/0MCP/4GB RAM TOTAL WHITE MCM      "
0P9918IY,A-X-01-0,A,X,01,0,1/1,0,-1,DPC2012 IPC DIN RAIL         I3-1215U/3 LAN               
0AC100MP,A-E-01-1,A,E,01,1,938/938,942,4,MAGNETE GOMMA DIAMETRO 22 MM                              
40800396,A-C-07-3,A,C,07,3,25/25,24,-1,ALIM. 600W FSP600M-70PB      MEDICAL GRADE C7 (FORTRON)   
0AC961FI,A-C-02-2,A,C,02,2,2/2,1,-1,SCANNER 2D NEWLAND FM6080                                 
RFI15310,A-R-02-4,A,R,02,4,4/4,3,-1,TOUCH CONTROLLER PER         PP-9635CL RD9000PH17PZ       
0ST901FI,A-C-02-3,A,C,02,3,1/1,0,-1,STAMPANTE TER. TP-100-BLACK  W/USB+COM+CAVO 24V           
0AC947FI,A-C-03-2,A,C,03,2,9/13,9,-4,KIT EXTERNAL WIRELESS WIFI+BTPER XPOS PLUS ASXPOS954P     
0AC947FI,A-D-01-2,A,D,01,2,1/13,9,-4,KIT EXTERNAL WIRELESS WIFI+BTPER XPOS PLUS ASXPOS954P     
0AC947FI,A-D-01-4,A,D,01,4,1/13,9,-4,KIT EXTERNAL WIRELESS WIFI+BTPER XPOS PLUS ASXPOS954P     
0AC947FI,A-S-01-0,A,S,01,0,2/13,9,-4,KIT EXTERNAL WIRELESS WIFI+BTPER XPOS PLUS ASXPOS954P     
0AC101IY,A-C-04-2,A,C,04,2,5/5,4,-1,KIT WIRELESS LAN M.2 PER MRI (J6412)                      
0AC603MC,A-C-05-1,A,C,05,1,1/1,2,1,VESA MOUNTING BRACKET XELF   PP-9735X PORTRAIT/LANDSCAPE  
94902010,A-B-05-1,A,B,05,1,299/299,288,-11,STANDBASE BLACK VESA(75/100) WITOUCH/PP/MRT & MON. TOUCH  
14886900,A-E-02-1,A,E,02,1,19/41,40,-1,MCP CORE I5-1135G7 8GB LP    DDR4X/WIFI NUC               
14886900,A-E-02-2,A,E,02,2,22/41,40,-1,MCP CORE I5-1135G7 8GB LP    DDR4X/WIFI NUC               
14886710,A-X-01-0,A,X,01,0,1/1,0,-1,"MCP CORE I3-8100 3,60GHZ     LGA1151/6MB CACHE            "
14887031,A-A-06-2,A,A,06,2,17/148,129,-19,"MCP CORE I3-12100 3,30 GHZ   FCLGA1700/12MB CACHE FEC     "
14887031,A-B-02-1,A,B,02,1,10/148,129,-19,"MCP CORE I3-12100 3,30 GHZ   FCLGA1700/12MB CACHE FEC     "
14887031,A-B-04-2,A,B,04,2,11/148,129,-19,"MCP CORE I3-12100 3,30 GHZ   FCLGA1700/12MB CACHE FEC     "
14887031,A-B-05-4,A,B,05,4,54/148,129,-19,"MCP CORE I3-12100 3,30 GHZ   FCLGA1700/12MB CACHE FEC     "
14887031,A-B-06-3,A,B,06,3,21/148,129,-19,"MCP CORE I3-12100 3,30 GHZ   FCLGA1700/12MB CACHE FEC     "
14887031,A-E-02-2,A,E,02,2,16/148,129,-19,"MCP CORE I3-12100 3,30 GHZ   FCLGA1700/12MB CACHE FEC     "
14887031,A-X-01-0,A,X,01,0,19/148,129,-19,"MCP CORE I3-12100 3,30 GHZ   FCLGA1700/12MB CACHE FEC     "
0P9EG2FI,A-A-04-4,A,A,04,4,30/211,142,-69,"PP-9745W 15,6""/T/GALAXY GREY                              "
0P9EG2FI,A-A-06-2,A,A,06,2,37/211,142,-69,"PP-9745W 15,6""/T/GALAXY GREY                              "
0P9EG2FI,A-B-03-3,A,B,03,3,6/211,142,-69,"PP-9745W 15,6""/T/GALAXY GREY                              "
0P9EG2FI,A-B-04-3,A,B,04,3,44/211,142,-69,"PP-9745W 15,6""/T/GALAXY GREY                              "
0P9EG2FI,A-B-05-4,A,B,05,4,24/211,142,-69,"PP-9745W 15,6""/T/GALAXY GREY                              "
0P9EG2FI,A-S-01-0,A,S,01,0,1/211,142,-69,"PP-9745W 15,6""/T/GALAXY GREY                              "
0P9EG2FI,A-X-01-0,A,X,01,0,69/211,142,-69,"PP-9745W 15,6""/T/GALAXY GREY                              "
40141463,A-D-02-3,A,D,02,3,355/355,353,-2,"CAVO ALIM. C5 F A SPINA ITA. 1,8M                         "
0TA920KP,A-C-05-5,A,C,05,5,180/223,224,1,TASTIERA BASIC USA USB WHITE custom ESAOTE                
0TA920KP,A-D-02-5,A,D,02,5,43/223,224,1,TASTIERA BASIC USA USB WHITE custom ESAOTE                
0P9EQ3FI,A-B-02-1,A,B,02,1,10/66,62,-4,"XP3765W PLUS 15,6""/IO1-24V   GALAXY GREY                  "
0P9EQ3FI,A-B-04-2,A,B,04,2,11/66,62,-4,"XP3765W PLUS 15,6""/IO1-24V   GALAXY GREY                  "
0P9EQ3FI,A-B-05-2,A,B,05,2,18/66,62,-4,"XP3765W PLUS 15,6""/IO1-24V   GALAXY GREY                  "
0P9EQ3FI,A-B-06-3,A,B,06,3,26/66,62,-4,"XP3765W PLUS 15,6""/IO1-24V   GALAXY GREY                  "
0P9EQ3FI,A-D-01-2,A,D,01,2,1/66,62,-4,"XP3765W PLUS 15,6""/IO1-24V   GALAXY GREY                  "
17301720,A-D-01-2,A,D,01,2,1/5,3,-2,"SODIMM DDR4 8GB PC4-2666MHZ  NOPARITY 1,2V 8BIT           "
17301720,A-E-02-3,A,E,02,3,3/5,3,-2,"SODIMM DDR4 8GB PC4-2666MHZ  NOPARITY 1,2V 8BIT           "
17301720,A-X-01-0,A,X,01,0,1/5,3,-2,"SODIMM DDR4 8GB PC4-2666MHZ  NOPARITY 1,2V 8BIT           "
0AC48840,A-A-03-1,A,A,03,1,1/334,333,-1,CAVO 2 X USB 3.0 19/20PIN PERGDT-XXXX - L. 30CM           
0AC48840,A-C-01-2,A,C,01,2,333/334,333,-1,CAVO 2 X USB 3.0 19/20PIN PERGDT-XXXX - L. 30CM           
40800377,A-C-07-3,A,C,07,3,207/208,202,-6,ALIMENTATORE 65W 100-240VAC  19VDC FSP065-Rxx FORTRON     
40800377,A-X-01-0,A,X,01,0,1/208,202,-6,ALIMENTATORE 65W 100-240VAC  19VDC FSP065-Rxx FORTRON     
45447829,A-E-04-3,A,E,04,3,1/1,0,-1,"HDD 2,5"" TO 300GB/SAS 6GB/S  10K5rpm 64MB                 "
RCL35000,A-B-01-1,A,B,01,1,2/2,7,5,STAND BASE PT8000 BLACK                                   
0ST900SB,A-X-01-0,A,X,01,0,4/4,0,-4,STAMPANTE TER. TP-100-BLACK  W/USB+COM+LAN                
14886870,A-X-01-0,A,X,01,0,2/2,0,-2,"MCP CELERON G5900E 3,20GHZ   LGA1200/2MB CACHE            "
0AC10000,A-X-01-0,A,X,01,0,1/1,35,34,KIT TAPPI PER GDT-9610                                    
0P9917IY,A-X-01-0,A,X,01,0,1/1,0,-1,"PANEL PC 19"" T I5-10210U     1280*1024 IRC-5019SAC        "
0AC80AAE,A-X-01-0,A,X,01,0,1/1,0,-1,TOTEM GEN 1 COLORE NERO      RAL9005 IN LAMIERA VERNICIATA
0AC50BIN,A-S-01-0,A,S,01,0,1/1,0,-1,SISTEMA DI PAGAMENTO LANE5000TOUCH INGENICO               
RKM13515,A-R-03-5,A,R,03,5,15/15,17,2,I/O2 PCB BOARD USB X2/HB-A2C2FXXIOB04001C                 
RKM19909,A-R-03-5,A,R,03,5,9/9,10,1,TOUCH PANEL HB-A2C2 BLACK    WITOUCH CORE 6/6E            
RZH00120,A-R-03-2,A,R,03,2,10/10,5,-5,"BOOSTER BOARD PER 9,7"" DISPLA                             "
RFI19928,A-R-02-4,A,R,02,4,1/1,0,-1,"15"" P-CAP TOUCH ASSEMBLY KIT PER XPOS BLACK - CVXPT00AE0G0"
RA9000XC4493A,A-R-02-3,A,R,02,3,4/4,5,1,CABLE INVERTER-TOUCH FOR     PP-9732                      
RFI29917,A-B-02-2,A,B,02,2,3/59,58,-1,POWER SUPPLY 130W 20V/6.5A   XPOS/PP - RD9000PH01DS       
RFI29917,A-B-02-3,A,B,02,3,18/59,58,-1,POWER SUPPLY 130W 20V/6.5A   XPOS/PP - RD9000PH01DS       
RFI29917,A-B-03-2,A,B,03,2,5/59,58,-1,POWER SUPPLY 130W 20V/6.5A   XPOS/PP - RD9000PH01DS       
RFI29917,A-B-03-3,A,B,03,3,18/59,58,-1,POWER SUPPLY 130W 20V/6.5A   XPOS/PP - RD9000PH01DS       
RFI29917,A-D-01-1,A,D,01,1,1/59,58,-1,POWER SUPPLY 130W 20V/6.5A   XPOS/PP - RD9000PH01DS       
RFI29917,A-R-03-1,A,R,03,1,14/59,58,-1,POWER SUPPLY 130W 20V/6.5A   XPOS/PP - RD9000PH01DS       
0AC561FI,A-C-02-3,A,C,02,3,82/82,83,1,RFID USB HID 125 KHZ PP96XX/ PP16XX GALAXY GREY ASAIOP0970
0ST900FI,A-C-02-3,A,C,02,3,1/2,1,-1,STAMPANTE TER. TP-100-BLACK  W/USB+COM+LAN                
0ST900FI,A-X-01-0,A,X,01,0,1/2,1,-1,STAMPANTE TER. TP-100-BLACK  W/USB+COM+LAN                
91160450,A-C-04-2,A,C,04,2,9/9,10,1,SCHEDA ALIMENTAZIONE DC PER  MB H610I-IM-A                
0PF3TX13,A-C-04-1,A,C,04,1,34/35,34,-1,DEX 5750 I5-1145G7                                        
0PF3TX13,A-X-01-0,A,X,01,0,1/35,34,-1,DEX 5750 I5-1145G7                                        
0AC530SU,A-C-05-2,A,C,05,2,6/7,6,-1,SUPPORTO A PISTOLA X PALMARE L2KS                         
0AC530SU,A-X-01-0,A,X,01,0,1/7,6,-1,SUPPORTO A PISTOLA X PALMARE L2KS                         
40800395,A-C-07-3,A,C,07,3,147/147,169,22,ALIM. 120W 19V FSP120-ABBN3  9NA1208639                   
45503120,A-B-04-2,A,B,04,2,5/10,11,1,"SSD 2,5"" 128GB/SATA3 FEC     MLC 6GB/S ADATA              "
45503120,A-B-05-2,A,B,05,2,1/10,11,1,"SSD 2,5"" 128GB/SATA3 FEC     MLC 6GB/S ADATA              "
45503120,A-E-02-4,A,E,02,4,1/10,11,1,"SSD 2,5"" 128GB/SATA3 FEC     MLC 6GB/S ADATA              "
45503120,A-X-01-0,A,X,01,0,3/10,11,1,"SSD 2,5"" 128GB/SATA3 FEC     MLC 6GB/S ADATA              "
0P9AA3MM,A-A-07-2,A,A,07,2,1/1,0,-1,"TABLET AT2050 11.6"" 4GB RAM/ 128 GB SSD/WIFI/BT NFC       "
0AC702FI,A-B-02-1,A,B,02,1,2/5,6,1,KIT I/O SKU 1-24 PER XELF                                 
0AC702FI,A-D-01-1,A,D,01,1,1/5,6,1,KIT I/O SKU 1-24 PER XELF                                 
0AC702FI,A-X-01-0,A,X,01,0,2/5,6,1,KIT I/O SKU 1-24 PER XELF                                 
0P9914IY,A-A-02-2,A,A,02,2,3/5,4,-1,"PANEL PC 21,5""  T I5-10210U  IP65 RAM 1920*1080           "
0P9914IY,A-D-01-2,A,D,01,2,1/5,4,-1,"PANEL PC 21,5""  T I5-10210U  IP65 RAM 1920*1080           "
0P9914IY,A-X-01-0,A,X,01,0,1/5,4,-1,"PANEL PC 21,5""  T I5-10210U  IP65 RAM 1920*1080           "
45503163,A-D-01-4,A,D,01,4,1/28,25,-3,SSD M.2 512GB 2280 PCIE GEN  3X4 FIRICH                   
45503163,A-E-02-5,A,E,02,5,26/28,25,-3,SSD M.2 512GB 2280 PCIE GEN  3X4 FIRICH                   
45503163,A-S-01-0,A,S,01,0,1/28,25,-3,SSD M.2 512GB 2280 PCIE GEN  3X4 FIRICH                   
45503176,A-D-01-6,A,D,01,6,1/82,43,-39,SSD M.2 500GB SATA 2280      TRANSCEND                    
45503176,A-E-01-4,A,E,01,4,80/82,43,-39,SSD M.2 500GB SATA 2280      TRANSCEND                    
45503176,A-E-06-4,A,E,06,4,1/82,43,-39,SSD M.2 500GB SATA 2280      TRANSCEND                    
54642005,A-C-05-4,A,C,05,4,1339/1339,1427,88,SACCHETTO PVC TRASPARENTE    (60+10+10X75) TANK           
0SW816MI,A-E-05-3,A,E,05,3,330/330,180,-150,LICENSE WIN.10 IOT 2021 LTSC VALUE EPKEA ESD              
22303008,A-E-04-5,A,E,04,5,314/314,315,1,FERRITE PER CAVO TONDO D=5   RICHIUDIBILE                 
40141308,A-E-03-3,A,E,03,3,13/13,15,2,"CAVO ANTENNA MHF-4 TO SMA (F)D=0,81MM L=20CM              "
91208460,A-E-03-3,A,E,03,3,53/56,49,-7,DUAL BAND WIRELESS AX210 2X2 INTEL                        
91208460,A-S-01-0,A,S,01,0,2/56,49,-7,DUAL BAND WIRELESS AX210 2X2 INTEL                        
91208460,A-X-01-0,A,X,01,0,1/56,49,-7,DUAL BAND WIRELESS AX210 2X2 INTEL                        
14886950,A-E-03-2,A,E,03,2,7/7,9,2,"MCP CORE I5-12500 3,00 GHZ   LGA1700/18MB CACHE           "
66319006,A-E-03-1,A,E,03,1,5123/5123,5118,-5,VITE M3 X 6 BLACK ZINC PLATEDW/CROSS PAN WASHER HEAD      
0AC955AS,A-C-04-1,A,C,04,1,10/10,9,-1,DVD+/-RW DRW-24D5MT/SATA     ASUS NERO                    
14887030,A-E-02-2,A,E,02,2,48/48,31,-17,"MCP CORE I3-12100 3,30 GHZ   FCLGA1700/12MB CACHE         "
0P99M4KM,A-X-01-0,A,X,01,0,2/2,0,-2,"WITOUCH CORE-6E WHITE 21,5""/T/0MCP/4GB RAM MCM            "
45503149,A-E-02-4,A,E,02,4,19/20,24,4,"SSD 2,5"" 120GB/SATA3         TRANSCEND                    "
45503149,A-R-00-0,A,R,00,0,1/20,24,4,"SSD 2,5"" 120GB/SATA3         TRANSCEND                    "
0P9EFJFI,A-X-01-0,A,X,01,0,1/1,0,-1,"PP-9745W/T/15,6"" I3-12100    8 GB GALAXY GREY             "
0P9FA0FI,A-X-01-0,A,X,01,0,1/1,0,-1,XCOM XC-569 BOX PC DARK GREY                              
